"","V1","V2","V3","V4","V5","V6","V7","V8","V9","V10","V11","V12","V13","V14","V15","V16","V17","V18","V19","V20","V21","V22","V23","V24","V25","V26","V27","V28","V29","V30","V31","V32","V33","V34","V35","V36","V37","V38","V39","V40","V41","V42","V43","V44","V45","lon","lat"
"mint","33.62336","33.32568","33.02055","33.94011","34.12720","34.23934","34.24986","33.30028","33.77812","33.67507","34.10447","35.10747","34.18258","34.65994","34.02092","34.22219","34.08425","34.62760","33.98301","33.85686","33.75317","34.10889","34.00121","34.92747","33.84396","33.35699","34.14411","35.36438","34.93616","33.72650","35.12219","33.15789","34.33844","34.32235","34.82844","33.99311","32.71896","33.72770","34.68154","34.24753","34.67871","36.02521","34.85234","35.69307","35.37143","126.65","-14.3"
"mint.1","32.69510","31.25447","32.14505","32.44164","32.34725","33.06590","33.53740","32.13644","32.04219","32.61421","33.34971","33.69890","33.16301","33.99317","33.40301","33.78082","33.41671","34.33634","33.10548","32.62384","32.71507","33.44399","32.65096","34.14890","33.13068","31.58934","32.15589","33.20767","33.92466","32.91038","34.58603","32.64274","33.01129","33.31503","33.54187","34.00055","31.54356","32.29016","34.28356","33.72110","33.60525","34.76181","33.60521","34.53288","36.67415","127.66","-18.23"
"mint.2","32.03301","31.30956","31.97315","31.14247","32.07014","32.60082","32.38493","32.14877","31.91464","32.01694","31.86822","31.34658","32.02904","33.08087","32.41753","32.68000","31.53836","32.09699","31.55726","32.67397","32.13808","32.31230","31.33918","32.62110","32.10027","31.03388","31.53425","32.82466","32.21425","31.56202","32.36301","31.95781","32.27671","32.57568","32.72164","33.00274","31.97288","32.66202","32.59781","33.07562","33.04027","33.33342","32.94215","32.30495","34.26067","122.24","-17.95"
"mint.3","32.63072","32.76873","33.60000","32.42830","33.90904","33.95378","33.43410","33.57961","33.69616","33.54617","33.70219","33.11068","33.36603","33.83333","32.65427","34.18986","33.73726","33.11831","32.99091","34.55781","32.84603","34.16202","32.66247","33.86575","32.56356","32.25464","32.56438","34.46685","33.80603","33.95410","34.05260","33.91699","33.74466","33.88552","34.10247","33.97692","32.48658","33.36896","33.46740","34.80438","34.23333","34.44774","33.70499","34.30446","35.78446","118.63","-20.37"
"mint.4","33.63562","34.75769","35.60493","33.84174","35.49171","35.29587","35.04370","34.38880","34.76955","35.55838","35.48639","34.77784","34.73901","34.80601","34.53233","35.49644","35.80301","34.60628","34.27781","35.53840","33.70110","35.79708","35.18605","35.59560","34.06510","33.45843","34.08864","35.96094","35.56291","34.92705","36.29863","34.69260","36.10712","36.08105","35.60138","35.44478","34.07685","35.01346","35.34888","36.07527","36.08343","36.50714","35.43918","35.91105","38.96225","119.75","-21.18"
"mint.5","30.04412","31.75492","32.11288","31.27589","31.93049","30.92378","31.92575","31.84274","32.31671","31.50546","31.89699","31.39288","31.41425","32.45410","31.55973","31.34493","32.18904","30.52623","31.32164","33.07342","30.83973","32.25656","31.58740","31.79615","31.14615","31.10389","31.29670","32.39753","32.55699","32.09617","32.24466","32.12630","32.50411","31.76694","32.74822","32.63507","31.72263","32.60164","32.32384","32.38849","31.86077","31.96915","32.67458","32.55331","36.64430","114.1","-22.24"
"mint.6","30.43279","31.74027","33.47342","31.12085","32.93760","32.59553","32.49397","31.65671","33.03068","32.00082","33.59123","33.09151","33.18493","32.94804","32.42280","33.07616","33.53589","32.02678","32.41534","33.88164","31.59836","34.15109","32.19863","33.68986","31.93490","31.22155","32.08407","34.19397","33.24353","32.81524","34.44466","32.18992","34.23140","33.48066","33.48733","34.07534","32.21370","33.11448","33.44164","34.21726","34.13794","33.88388","33.45882","33.97473","37.92133","118.34","-22.24"
"mint.7","26.47614","28.29836","28.19178","28.06247","27.27014","27.45273","27.52356","27.82164","28.00767","27.66393","27.78237","27.25315","27.98411","29.03005","27.98767","27.35233","27.62904","26.95479","27.15096","29.04082","28.16712","28.74044","28.09501","28.34575","28.42369","28.57699","28.17123","28.16548","28.02466","27.41120","27.28329","28.43753","27.97342","28.03333","28.48301","28.35289","28.57233","28.92951","28.83874","28.85370","28.73297","27.49780","28.26243","27.93816","30.86174","113.67","-24.89"
"mint.8","25.68984","29.17131","30.19478","28.67425","29.32192","29.04481","29.13342","28.83616","29.75014","28.01219","28.44724","27.24172","27.75315","28.87123","28.11315","28.54959","29.89370","27.24508","28.26877","30.43616","27.73077","29.18115","28.62188","29.50575","28.78022","27.95246","28.63471","30.14877","29.49096","29.07432","30.26521","29.22110","30.14795","29.59290","30.10959","30.12384","28.68466","29.35027","30.04795","30.56493","29.97940","29.29144","30.01950","30.22507","35.21409","118.54","-26.61"
"mint.9","24.60915","28.26536","28.57079","27.38166","27.65661","27.46240","26.90812","27.54986","27.68343","26.54543","27.77226","26.26579","27.62590","26.83694","26.95000","25.83805","27.78904","24.03529","26.70868","28.58196","26.94551","28.29669","27.70877","28.10000","27.83901","27.39836","27.31123","28.42995","28.03644","27.96822","27.54575","28.38039","28.33510","27.81421","28.73956","28.89413","27.97123","28.49016","28.50733","28.92407","28.63917","26.96953","28.39821","28.08839","33.07351","116.02","-29.2"
"mint.10","23.35629","26.51731","26.53691","25.77534","25.88022","25.78898","24.99446","25.63444","25.83967","24.46077","25.88877","24.73464","25.86954","25.76877","25.17069","25.13127","26.15342","24.75769","25.29582","27.17521","25.30909","26.23251","26.12521","26.29697","25.87445","25.66557","25.50110","26.64603","26.45068","26.17596","25.78740","26.46932","26.27863","25.78962","26.49644","26.79945","26.15068","26.51230","26.78819","27.11160","26.74329","25.14262","26.65014","26.35507","30.93907","116.67","-30.28"
"mint.11","23.87582","25.91377","25.76740","25.80712","25.11956","25.21694","25.56767","25.39945","26.08027","25.18361","25.69452","24.47315","25.49288","26.23169","25.82329","24.93260","25.42384","25.11940","24.84192","26.61233","25.95068","26.47049","25.80659","26.01868","26.25726","26.78169","25.98379","26.22192","25.84329","25.82732","25.15644","26.85014","26.06849","26.19973","26.54384","26.86055","27.26685","27.53552","27.23342","27.13918","27.29644","25.64208","27.02320","26.26611","29.61208","114.7","-28.8"
"mint.12","23.10490","25.24536","25.34548","25.41096","24.50904","24.37049","24.28247","24.75151","25.43178","24.33907","25.06027","23.77562","24.94164","25.11421","24.58301","23.73534","24.71370","24.03060","24.22575","25.62055","24.83918","25.22650","25.14959","25.20603","25.58329","25.19153","24.80247","25.19918","25.22110","25.18388","24.14000","25.37479","24.92082","24.88194","25.50110","25.98137","26.01534","25.66230","25.71918","25.63836","25.94822","24.36448","25.28685","25.04877","28.56490","115.98","-31.93"
"mint.13","19.03993","20.09478","19.67541","19.92685","19.50438","19.33836","19.01433","19.68603","20.42747","19.84294","19.75113","18.98767","19.46274","19.72186","20.00192","19.25507","19.56667","19.54918","19.20912","20.14116","19.74266","20.18403","19.79359","19.71479","20.43096","20.30742","19.62287","19.69863","19.88027","19.87077","19.38822","20.04055","20.01205","20.13825","20.07383","20.53149","21.21436","21.12705","20.74932","20.68575","20.62253","19.67978","19.98220","20.09643","21.44503","115.14","-34.37"
"mint.14","20.25935","21.99749","22.19861","22.41282","21.66394","21.39778","21.42635","21.59144","22.27041","21.18798","21.81479","20.90169","22.26399","22.05879","21.54408","21.01412","21.71818","21.07459","20.91173","22.71507","21.99365","21.92335","22.17107","22.09397","22.40440","22.18169","21.75644","22.13370","22.34066","22.50574","21.44137","22.48849","22.14603","22.00738","22.45068","22.96685","22.80575","22.73822","22.42222","22.67827","23.05385","21.45479","22.06356","22.31851","25.56301","116.13","-33.95"
"mint.15","20.25588","21.54044","21.65425","21.69781","21.20603","21.60546","20.96082","21.68548","22.04521","20.99372","21.86548","20.76356","21.04767","21.47644","21.27507","20.86521","21.70877","20.56667","21.12044","22.21151","21.32493","21.58169","21.57665","21.96932","21.85890","21.49973","21.34148","22.00027","21.83479","21.63681","21.71534","22.09671","21.96000","21.56749","21.84986","22.39342","22.56319","22.72411","22.42904","22.67562","22.46548","21.46566","21.91851","22.10776","24.00604","121.89","-33.83"
"mint.16","18.85359","20.14016","20.05027","20.29699","19.52603","19.56311","19.61123","19.92712","20.73397","20.01967","19.72157","19.06271","19.95699","19.96940","20.02164","19.28959","20.15699","19.44727","19.43671","20.77973","19.89233","20.01858","20.15562","20.02027","20.32247","20.44617","19.79836","20.15165","20.36384","20.16011","19.68137","20.34274","20.29615","19.86749","20.22143","20.44849","20.81068","21.51096","21.07699","21.28466","21.23288","20.07500","20.57326","20.75939","22.50000","117.82","-34.94"
"mint.17","22.91705","25.65495","25.98932","25.23923","25.30742","25.58087","24.26548","25.20658","25.54904","24.01066","25.28000","24.12410","25.24575","25.04617","24.80658","24.41288","25.88575","24.02104","24.80466","26.56356","24.76082","25.46466","25.50137","25.87555","25.47679","25.37732","24.95934","26.13011","25.52822","25.68361","25.11261","25.40784","25.89022","25.40424","25.92767","26.57333","25.87184","26.16648","26.43646","26.71778","26.20424","24.71291","25.76264","25.77227","29.88867","118.28","-31.48"
"mint.18","22.78278","25.37363","25.78449","24.98154","24.81768","25.25666","24.14072","24.93989","25.44609","24.26016","25.33973","24.03709","25.05414","25.16028","24.69199","24.21994","25.38952","24.20556","24.68536","26.35289","24.64341","25.66995","25.47450","25.62906","25.50804","25.11709","25.13306","26.09233","25.66849","25.78247","25.23863","25.98055","26.09063","25.69180","26.26381","26.75840","26.12665","26.70055","26.42192","26.67390","27.08269","24.95820","26.09669","26.15552","30.31325","117.22","-31.62"
"mint.19","20.09738","22.15475","22.29474","22.23123","21.85944","21.67322","21.10055","21.80137","22.11425","21.30000","22.23288","21.17205","22.19041","22.02158","21.89807","21.39723","22.34298","21.32143","21.52575","23.18356","21.97781","22.22961","22.27562","22.03123","22.27170","22.37225","21.98022","22.59203","22.59063","22.50820","21.57260","22.64082","22.21370","21.90521","22.45479","22.81456","22.52527","23.13863","22.74835","22.96768","23.31538","21.17479","22.34121","22.28022","25.61788","117.61","-33.69"
"mint.20","20.53431","23.06978","23.37961","23.10495","22.59863","22.63499","21.99971","22.96942","23.20604","22.05109","23.27123","21.98650","22.85766","22.95100","22.74643","22.09972","23.26564","21.96022","22.29913","24.02423","23.06554","23.48408","23.34382","23.08575","23.34670","23.12959","22.83945","23.39753","23.33452","23.32787","22.52131","23.75123","23.25205","23.02514","23.85568","24.18974","23.81973","23.97342","24.06274","24.36229","24.62329","22.62787","23.49836","23.58411","27.57219","116.67","-32.67"
"mint.21","24.53750","23.33253","22.38329","21.55994","22.53726","23.29016","22.16501","22.79526","22.67373","21.86815","22.13812","21.66138","22.40114","22.43235","22.03493","22.39274","23.01694","21.61029","22.48309","23.79226","22.07403","23.45847","23.21671","23.21405","22.80740","22.86503","22.54164","23.72932","22.88137","23.15137","24.26329","22.97096","23.97151","23.46356","23.64767","22.78329","23.14219","24.18077","24.82521","23.95370","23.42767","23.32548","23.84795","23.96685","26.30662","128.9","-31.68"
"mint.22","23.57680","25.44000","26.34986","24.84848","25.81973","26.14411","25.23204","25.74356","25.31836","24.92050","25.48072","24.90000","25.36603","25.51284","25.23096","25.29671","26.17918","24.32760","25.35479","26.44137","25.83643","26.47168","26.31041","25.69199","25.79695","25.68028","25.47014","26.83058","25.90055","25.90137","26.80368","26.01260","27.17479","26.55301","26.52700","25.37548","25.31421","27.23699","27.94558","27.04767","26.96177","25.69317","26.56110","26.65824","30.20933","128.11","-30.85"
"mint.23","22.17647","25.05410","25.76603","25.01397","25.28027","25.50601","24.49753","25.17616","25.48164","24.18607","25.23315","24.04055","24.73205","24.92459","24.42356","24.29644","25.79589","23.14891","24.24795","26.18822","23.94986","25.43973","24.80548","24.93863","24.38658","23.90219","24.48247","26.00575","25.09205","25.19016","25.72466","25.50247","25.91836","24.99153","25.59452","25.84685","24.78822","25.84795","26.05178","26.12959","26.33984","24.91944","25.70740","25.84877","29.13500","121.45","-30.78"
"mint.24","26.88595","28.48798","29.66795","28.15781","29.26630","30.24290","28.93781","28.31562","28.63973","28.24918","29.69671","29.41808","28.61786","29.07787","28.03479","29.54110","30.33096","28.36803","28.78603","29.76603","28.72301","30.07295","29.30192","29.68411","28.74877","27.92978","27.61397","30.20137","29.62548","29.71421","30.61425","29.78219","29.90137","30.28033","30.50219","28.69808","28.87534","29.73825","30.53014","30.41589","30.39699","29.37896","30.45288","30.84740","35.05960","128.3","-25.03"
"mint.25","31.86895","31.67951","31.03609","31.68000","31.97589","32.34836","32.11918","31.86192","32.13233","31.74481","32.20329","32.23041","32.20877","32.53279","32.14959","32.33984","31.97836","32.46202","32.40548","32.26411","31.82767","32.40795","31.94548","32.84055","31.82822","31.59454","32.13178","32.69014","32.57918","32.12459","32.80740","31.79123","32.22493","32.53989","32.67288","32.61616","31.63233","32.33169","32.68192","32.63781","32.61429","33.23525","32.78000","32.82027","32.91656","130.89","-12.42"
"mint.26","34.33691","33.96885","35.05427","35.00734","35.30342","35.46555","35.20056","33.93196","35.10609","34.59693","35.14239","36.07890","34.97721","36.16960","35.29464","35.53555","35.44107","36.37111","34.79058","34.32630","34.47673","35.50847","34.63352","36.19496","34.34898","33.63944","34.12735","35.59178","34.88901","34.65485","35.66981","34.01071","34.20954","34.65565","35.36250","34.31397","33.09452","34.41602","35.95962","35.00384","35.12000","36.05671","35.00716","35.65773","37.27047","131.01","-16.4"
"mint.27","29.95397","30.12486","29.95808","30.55785","31.79616","32.77885","31.40230","30.65679","31.48110","30.64727","31.95699","32.33781","31.39452","32.60000","31.22521","32.49507","31.86247","32.45410","30.80685","31.65507","31.68705","32.28384","30.88493","32.46795","31.93452","30.42732","30.62000","32.59808","31.80986","32.05683","33.00301","31.31397","31.91648","32.82049","32.32575","30.65863","30.22493","31.72951","33.70438","32.14685","32.01562","32.83064","33.11823","33.56374","35.88808","134.18","-19.64"
"mint.28","27.59346","27.67814","28.93151","28.47041","29.69370","30.69754","29.26575","28.55616","28.82575","28.72650","29.64301","28.99726","29.12603","29.25765","28.47589","29.78548","30.30767","29.37459","28.90549","29.72329","29.04904","30.53470","29.12329","29.99260","29.74932","28.04590","28.01703","30.46000","29.94192","29.69454","30.37205","29.81315","29.59589","29.36932","29.95425","26.62466","28.43945","29.56995","30.82082","29.70137","29.13571","29.42295","30.59945","30.73306","33.85733","133.89","-23.8"
"mint.29","31.98533","33.22611","33.23196","32.59091","34.42110","35.19083","33.71994","32.74816","33.52877","33.48962","34.35592","34.46356","33.05840","34.65656","33.78575","34.67863","34.07973","34.78575","32.90438","33.42356","33.77753","35.05410","33.18379","34.53556","33.84691","32.34848","32.00110","34.61534","33.96529","33.93800","35.23915","32.74006","33.10382","34.27159","34.76490","32.52376","32.14667","33.72459","34.98384","33.54176","33.92795","34.67131","34.38457","34.98297","38.23974","130.01","-20.18"
"mint.30","24.31667","25.11421","26.57041","24.92247","25.87671","26.76284","26.18301","26.28849","26.07178","25.01175","25.42795","25.21507","25.41726","26.15246","24.69671","26.21507","26.84164","24.59262","26.05671","26.54356","25.52137","26.33033","26.15562","25.70986","26.52082","26.53443","26.06548","26.72932","26.48192","26.46284","26.98110","26.76740","27.04493","26.12720","26.94712","25.40904","26.31566","26.50055","27.42308","27.52959","26.55233","26.47486","26.94219","27.16722","31.07267","136.81","-31.16"
"mint.31","25.31438","26.03626","27.29612","25.58534","26.61480","27.24536","27.07103","27.47797","26.17101","25.96591","26.39579","26.28439","25.34337","26.83636","25.65647","26.76082","27.52849","25.14699","26.68681","27.40055","26.44118","26.99422","26.80889","26.78504","27.42436","27.17475","26.68464","26.84423","27.34363","27.40495","28.00308","27.66581","27.52478","27.46288","27.91777","26.62841","27.26621","27.93497","28.64192","28.54090","27.85440","27.08825","27.93324","28.12000","32.00000","134.58","-30.71"
"mint.32","26.84444","27.74932","29.37233","28.03425","29.08681","30.23197","29.20630","29.29425","29.41209","28.19426","28.59824","27.32000","27.28619","29.49937","28.21598","29.70483","33.32345",NA,NA,"43.80000","28.68947","29.65359","29.06404","28.58171","29.62033","29.23674","28.60904","29.99610","29.69396","29.81534","30.31068","29.09815","30.06795","29.08525","29.94670","27.77699","29.20110","29.67250","30.95068","30.52192","29.76346","29.17732","30.42466","30.73829","34.44503","135.45","-27.56"
"mint.33","26.39739","27.14536","28.96521","27.31781","28.30414","29.08802","28.67187","29.20424","29.32959","27.29558","27.59972","27.58078","27.98933","28.80642","27.26017","28.45699","28.61167","26.93204","28.36575","28.67989","27.55041","28.44753","28.43278","28.14038","29.01978","28.72514","28.27781","29.46192","29.07671","28.98904","29.55014","29.47616","29.55123","28.46066","29.41973","27.29532","28.67410","28.90464","30.01808","29.92493","28.97597","28.38262","29.84011","30.06816","33.91194","138.07","-29.66"
"mint.34","21.96993","22.36257","23.40137","21.90521","22.92411","23.59614","23.11644","23.54822","22.79890","22.32158","22.79014","22.65945","22.69507","23.33825","22.62849","23.21644","23.51808","21.94536","23.38548","23.77781","22.89781","23.35383","22.89315","23.16493","23.84588","23.86421","23.45808","23.89205","23.57452","23.52541","24.32877","23.79781","25.14712","24.36940","24.60466","23.46027","23.77836","24.12158","25.00797","24.54848","23.97944","23.45820","24.34635","24.41448","26.74834","133.7","-32.13"
"mint.35","23.36093","24.38917","25.60172","24.12912","24.96438","25.53453","25.00055","25.52356","24.92822","24.33279","24.92527","24.61685","24.96384","25.84808","24.70055","25.39425","25.79863","23.95096","25.44767","25.89068","24.89699","25.42077","25.25302","25.17041","25.48192","25.54754","25.09671","25.60939","25.32121","25.93352","25.96028","25.68333","26.31152","25.54669","25.93674","24.50138","24.90055","25.74863","26.39582","26.38431","25.77918","25.52830","26.25111","26.20000","29.80667","135.55","-33.13"
"mint.36","19.39027","19.98403","20.58504","20.11699","20.47315","21.02857","20.69534","20.84740","20.43315","20.24781","20.20194","19.75644","20.19205","21.11786","20.34164","20.66822","20.63260","19.45929","20.93616","21.04986","20.22356","20.32293","20.68132","21.01425","20.87720","21.04508","20.72986","21.23782","20.84675","21.32674","21.49053","21.31433","22.11350","21.29753","21.82088","20.84822","21.16177","21.73462","22.37115","22.05233","21.55302","21.17836","21.82274","22.01808","24.58411","135.88","-34.6"
"mint.37","21.67682","22.52305","23.37942","22.01848","23.17771","23.78892","23.18000","24.01517","22.96289","22.59003","22.84286","22.43097","22.87298","23.70826","22.64314","23.41489","23.81947","22.29110","23.61380","23.73768","22.89694","23.06983","23.54778","23.47877","24.18082","23.95847","23.51519","24.06317","23.51935","24.15215","24.32833","24.30166","24.78411","24.04337","24.59387","23.45537","23.81222","24.02896","24.37123","24.74835","24.24203","23.60411","24.54247","24.93901","28.51391","138.22","-33.77"
"mint.38","17.50492","18.23726","18.59451","18.13178","18.62384","18.94945","18.42173","18.89256","18.52164","18.15000","18.50658","18.00385","18.04493","18.92833","18.69014","18.82137","18.82877","17.92350","18.71068","18.57940","18.23041","18.42830","18.97280","18.66822","19.23370","19.56446","19.12627","18.99066","18.95726","18.84372","19.01593","19.10771","19.85058","18.69052","19.40249","18.78376","18.83733","19.05109","19.82658","19.45330","19.13113","18.81776","19.47665","19.47521","22.35762","136.6","-35.75"
"mint.39","20.89706","21.46311","22.05918","21.37808","22.15479","22.71612","22.44176","22.94247","21.98055","21.45191","21.75973","21.40274","21.90110","22.75929","21.95699","22.42795","22.62767","21.24617","22.60467","22.09973","21.79671","21.70273","22.23671","22.42274","22.40055","22.84344","22.29836","22.42521","22.46740","22.52104","22.82301","23.03726","23.63123","22.74658","23.44274","22.44356","22.68658","22.74192","23.47671","23.53370","23.16346","22.86366","23.29588","23.60110","27.04768","138.62","-34.92"
"mint.40","19.36601","20.54932","21.21068","20.27863","21.01703","21.61257","21.23836","21.95699","20.81068","20.39344","20.83233","20.39507","20.75769","21.56904","20.62060","21.46374","21.35014","19.63197","21.22384","21.31346","20.51873","20.59233","21.01209","21.02967","21.41532","21.35571","21.17818","21.66648","21.04807","21.37857","21.60418","21.68911","22.42380","21.47314","22.17047","21.08760","21.19205","21.77534","22.18055","22.15589","21.75918","21.43224","22.01123","22.42329","26.23046","139.01","-34.48"
"mint.41","18.03922","18.56776","18.95123","18.63297","19.17616","19.64617","19.54575","19.70548","18.97808","18.70027","19.14521","18.78301","19.17918","19.81284","19.41205","19.56904","19.14712","18.48497","19.63370","19.18986","18.64630","18.61093","19.22740","18.88356","19.54767","19.80027","19.27534","19.50192","19.11288","18.93634","19.77973","19.62055","20.38493","19.27760","19.99342","19.34932","19.28247","20.01284","20.15123","20.47260","20.03178","19.44603","20.12604","20.00824","22.97682","140.77","-37.75"
"mint.42","17.38862","17.84452","18.25587","17.27562","18.40545","18.66037","18.50225","18.27437","17.73808","17.95249","18.23814","17.82687","17.83088","18.67549","18.30249","18.40877","18.14137","17.56126","18.38733","18.00932","17.59366","18.02143","18.25801","18.04301","18.52137","18.92753","18.60737","18.28757","17.89633","18.28207","18.73520","18.38877","19.07214","18.28678","18.89781","18.39068","18.36431","18.64631","19.04928","18.96219","18.51025","18.18169","18.97631","18.85574","20.79470","139.76","-37.16"
"mint.43","32.38333","31.77443","32.05070","33.22279","32.42705","32.69752","32.85562","32.21930","32.79248","32.52782","32.36959","33.11928","32.97068","33.15847","32.81233","32.84630","32.43890","32.96639","32.69781","32.85534","32.66493","32.76940","32.84904","33.26685","32.20687","32.00546","33.00192","33.21616","33.34849","32.83934","33.20658","32.41906","32.78000","32.74262","33.12548","32.90356","32.40000","32.85984","33.15918","32.74767","32.82219","33.86456","33.04759","33.01173","31.89533","141.92","-12.68"
"mint.44","29.70588","29.63443","29.63397","30.28658","29.81534","30.13415","30.31672","29.84169","30.77071","29.93681","30.16329","30.53836","30.26055","30.79093","30.37644","30.48822","30.12384","30.49153","29.85813","29.86914","30.20663","29.82444","29.06331","30.09297","29.99154","30.13314","30.28202","30.39913","30.41102","30.19522","30.48361","30.01793","30.60141","30.52164","30.57265","31.10467","30.53452","30.67151","30.79284","30.38110","30.23014","31.26749","30.70027","30.65137","30.61126","142.29","-10.58"
"mint.45","32.86046","32.90039","32.01452","33.15427","32.11680","32.82857","32.30937","32.34420","32.94050","32.62978","32.77191","33.06331","33.42997","33.86220","32.80282","33.02104","32.64027","33.19587","32.41309","33.00634","33.12564","32.49114","32.32466","33.20980","32.15953",NA,"34.60811","33.43681","33.64648","32.36983","33.28564","31.07850","32.54644","32.47397","32.95245","32.53764","32.53175","32.91973","32.94093","32.87528","33.62493","33.77867","33.85399","33.37837","31.94267","144.08","-16"
"mint.46","32.66314","32.59478","32.33175","33.56932","32.75223","33.67814","33.24380","33.07932","33.60669","32.90412","33.16741","33.97115","33.62274","34.41257","33.03534","33.75201","33.08932","33.95331","33.33890","33.54804","33.73066","33.73497","33.04380","33.54329","32.99197","32.72165","33.83057","33.98187","34.18090","33.57624","34.37918","32.98827","33.04481","33.65180","33.54633","33.21289","32.28492","33.13306","34.44603","33.48017","34.22702","34.07885","34.05096","33.76860","34.11208","141.07","-17.69"
"mint.47","31.40391","32.71625","34.60926","32.84167","32.44375","33.15570","32.61556","32.49791","33.16715","32.34623","32.72822","33.53118","33.10198","33.97923","32.82920","33.32192","33.16695","33.52486","32.43260","32.62740","32.71307","33.31148","32.92849","33.22795","32.58959","32.48806","32.72975","33.33699","33.48685","32.65424","33.37890","32.06548","32.71616","33.02350","33.01460","32.74615","31.80357","32.77404","34.00329","33.22493","34.38187","33.76311","33.86833","33.89808","34.50066","139.54","-17.75"
"mint.48","32.12238","31.42297","31.63140","31.85661","33.03239","33.84490","32.53491","32.82754","32.67402","31.90426","32.83173","33.57839","33.31028","33.69475","31.97190","32.43808","32.52966","33.26667","33.20027","32.75137","33.03836","33.24044","32.50685","33.38512","32.65537","31.70718","33.68134","34.19943","33.83249","33.38843","34.01285","32.88399","32.65070","32.83296","33.22171","32.63667","32.15014","32.38864","34.57331","33.87977","33.75702","33.51360","34.20312","33.81080","33.98919","143.14","-20.73"
"mint.49","31.91738","31.57637","31.48685","32.21708","31.94683","32.34481","31.74219","31.93562","32.28643","32.23516","32.75233","33.20534","33.13654","33.61475","32.32055","33.11753","32.36849","33.07131","32.68022","33.21753","33.01726","33.17918","32.67534","33.48110","32.25234","31.61148","32.93077","33.41205","33.77163","33.01538","33.44441","32.08843","32.60058","32.30140","32.92831","32.59513","31.77278","32.51786","33.62712","33.00964","33.12397","33.61233","33.35904","32.89229","32.66026","143.53","-18.3"
"mint.50","28.62647","29.19426","28.81233","29.01808","28.86356","29.01781","29.07425","28.55923","29.36384","29.12923","29.06171","29.65179","29.37107","29.93607","29.26639","29.63526","29.40606","29.74071","29.02356","29.39041","29.76192","29.66311","28.86932","30.36575","29.35342","28.95041","29.77507","30.15918","29.71836","29.44126","29.76110","28.91671","29.24712","29.36466","29.67315","29.71753","29.13096","29.36967","29.56548","29.31973","29.52712","30.14849","29.90986","29.91047","30.44228","145.75","-16.87"
"mint.51","28.54052","29.31038","28.61671","28.96685","29.07507","29.47787","29.06685","29.02575","29.45863","29.07377","29.11616","29.72055","29.80301","29.67732","28.54986","29.01178","29.42027","29.73852","29.29836","29.54603","29.38959","29.73033","28.72466","29.40767","29.09699","28.53115","30.14164","29.89562","30.06986","29.66421","29.76055","28.96164","28.88000","28.96831","29.52849","28.97534","28.63425","28.76175","29.66603","29.11205","30.05123","30.09836","29.65385","29.73994","30.60872","146.77","-19.25"
"mint.52","25.21144","25.67077","25.67973","25.80822","25.79781","26.35260","26.19562","25.75659","26.24986","26.10273","25.98425","26.41157","26.83014","26.32350","25.79479","26.08874","26.28027","26.82705","26.30164","26.13753","26.63945","26.75137","26.29589","26.76027","25.96192","25.78279","27.21370","27.21753","27.18822","27.30956","27.38219","26.51726","26.26575","26.47650","27.19342","26.34000","26.09505","26.39044","27.16658","26.82493","27.33973","27.65322","27.59835","27.63691","28.09456","149.22","-21.12"
"mint.53","29.00592","29.57863","28.95574","28.93934","29.54714","30.03260","29.28380","29.79726","29.76205","29.34365","29.59250","30.04751","30.24116","29.97377","28.70386","29.10280","29.39400","30.56503","30.20441","30.04986","30.09918","30.51236","29.80575","30.08630","29.65882","28.54494","31.00138","31.31828","31.01653","30.97597","30.82981","29.81532","29.63590","29.80563","30.48725","29.28132","29.29448","29.71657","31.09199","30.44100","31.29753","31.27473","31.02110","31.18077","30.82013","146.27","-20.05"
"mint.54","28.96732","29.37650","29.31989","28.72637","30.37945","30.67753","29.76326","30.49229","29.58877","29.06891","29.50257","30.63352","30.00742","30.49399","28.75343","29.17135","30.65753","30.34399","30.40822","30.24438","30.53425","30.17623","29.70932","30.10274","29.63945","28.86703","30.19973","31.51994","31.08402","30.81448","31.28320","30.42652","30.06466","29.88661","30.91181","28.55647","29.43838","29.90909","31.78682","31.03257","31.32017","30.64837","32.11232","31.86144","33.04094","145.29","-23.55"
"mint.55","30.17745","30.34055","30.47445","30.14521","31.48775","31.86441","30.90907","31.73562","30.95589","30.44560","31.14877","31.71178","31.33453","31.77104","29.73671","30.46219","31.63973","31.58060","31.94438","31.09726","31.53041","31.76448","31.67080","31.64863","30.69313","30.13743","31.67370","33.24247","32.67507","32.22486","32.59808","31.84274","31.56712","31.32978","32.03096","29.48082","30.76630","31.03661","32.90824","32.83945","32.56253","31.17430","33.33269","33.32182","33.65034","144.28","-23.44"
"mint.56","31.54265","31.50759","31.99358","32.12598","32.72521","34.33778","33.28066","33.01791","33.26192","31.99699","33.50000","33.97315","33.39781","34.55096","33.17815","33.92877","33.09420","33.24466","32.71012","33.23256","33.21020","33.61606","30.52066","32.58625","32.74451","31.54466","32.57155","34.66888","33.29226","33.19781","34.07658","32.65000","33.01648","34.23562","32.71543","32.10716","31.46429","33.43443","35.12192","33.73918","33.76137","33.51721","34.56511","34.58219","35.37020","138.12","-19.92"
"mint.57","29.80530","29.46104","30.91361","31.59355","32.55718","33.10683","31.90329","32.14404","32.04649","30.73102","31.69699","32.19559","31.70139","32.11229","31.08715","31.97135","31.95200","31.60907","32.20028","31.88094","31.56356","32.34481","31.20083","32.81364","31.50959","30.51977","31.99632","33.68382","32.50393","32.60604","33.26091","32.67787","32.24713","32.63361","31.81089","30.50743","31.16777","31.94568","33.92634","32.72595","32.25159","31.79444","35.10372","33.23859","34.15563","139.9","-22.91"
"mint.58","28.88328","28.99372","30.29452","29.76027","31.04192","31.72672","30.50562","31.49176","30.64247","29.92727","30.64505","30.50712","30.70440","31.35365","29.89144","30.87610","31.28791","30.27923","30.82192","30.81534","30.58077","31.10028","30.89014","30.83939","31.12222","30.27404","30.85262","32.18764","31.25152","31.54262","32.23362","32.04842","31.61086","31.18778","31.57346","29.00338","31.10029","31.60219","32.80632","32.15507","31.65522","31.10877","32.83489","32.42770","34.84437","139.35","-25.9"
"mint.59","26.86590","27.45370","28.34521","27.03370","28.77589","29.27280","27.77686","28.03664","27.65753","27.23481","27.92164","28.11212","28.50249","28.79781","26.96088","27.94137","29.15726","27.75765","28.51863","28.45644","28.41699","28.60082","28.59392","28.28849","27.78740","28.03033","28.90986","29.35738","28.75890","29.19071","29.06712","29.28575","28.29479","27.92432","29.06813","27.13049","27.41185","28.32548","29.08269","29.55288","28.32652","29.64270","29.29260","28.96106","31.31507","151.62","-25.62"
"mint.60","27.59377","28.00082","27.97549","27.53681","28.56219","28.77610","28.07521","28.54466","27.79151","27.95492","28.20496","28.29781","28.98849","28.65918","27.67726","28.43233","29.06000","28.71694","28.65110","28.93123","28.83890","28.92486","28.38055","29.00301","28.58082","27.91066","29.35260","29.70493","29.04466","29.79945","29.48466","28.73836","28.45315","28.16831","29.87699","27.69808","27.91479","28.29153","29.05836","28.80685","29.38740","29.57890","29.67726","29.95890","30.91192","150.48","-23.38"
"mint.61","26.34804","26.88953","26.93889","26.66777","27.33278","27.64073","27.02680","26.91828","26.84219","26.63634","26.80365","26.99973","27.26964","27.37025","26.32536","27.07612","27.88685","26.86776","27.30877","27.17315","27.25342","27.45956","27.01397","27.79481","26.81473","26.85409","27.75746","27.77175","27.36676","27.72314","27.60056","27.34691","27.24689","27.00720","27.65546","26.67631","26.81488","26.80110","27.57753","27.59425","27.46474","27.79973","27.98898","27.79525","29.91921","152.32","-24.91"
"mint.62","25.36961","26.20440","27.21068","26.03609","26.91918","27.52322","26.52967","26.54282","26.17370","26.15000","26.19536","27.19916","27.28219","26.75738","25.99014","26.72384","28.04849","26.55082","27.79918","27.19315","26.93562","27.10164","27.23370","27.42645","26.09972","27.34027","27.42986","28.24986","27.02274","27.82049","28.16740","27.59413","27.41475","26.38296","27.72917","25.98757","26.23058","26.96466","27.33194","27.99475","27.04932","27.99014","27.99530","28.00728","30.30473","152.71","-27.63"
"mint.63","22.85980","23.41409","23.87912","23.56474","23.66758","23.95234","23.48324","23.28685","23.53863","23.13661","23.18932","23.47452","23.65589","23.75328","23.14685","23.48049","24.24780","23.56475","23.69151","23.38733","23.70685","23.14928","24.09327","24.35158","23.47853","23.71961","24.49830","24.32822","23.15627","24.36329","24.50358","24.16896","24.15726","23.63425","24.45014","23.99011","23.67824","23.77452","24.25425","24.29421","24.10192","24.95014","24.93178","24.19139","26.73267","153.47","-27.03"
"mint.64","24.33750","24.90628","25.54795","24.74274","25.39973","25.59399","25.08795","24.96658","24.86986","24.68251","25.02055","25.36137","25.29945","25.10902","24.39014","24.70904","25.51863","24.82514","25.05836","24.87808","24.91973","25.02814","24.85534","25.42740","24.26356","25.08798","25.71836","25.85644","25.24082","25.94699","25.79644","25.51370","25.48000","24.96995","25.89699","24.82603","24.80630","25.08192","25.33178","25.75068","25.29507","25.86284","25.99425","25.69534","27.72715","153.13","-27.39"
"mint.65","25.64820","26.30168","27.57452","25.70648","27.69863","27.95718","27.39506","27.50508","26.36638","25.91378","26.88696","27.57535","27.51562","27.18072","25.99614","26.96336","28.31484","27.10962","28.19041","27.30525","27.44286","27.25742","27.85097","27.42445","27.27534","27.64630","28.23709","28.69973","27.51973","28.27568","28.68492","28.60192","27.71151","28.10962","28.73416","25.93747","26.71676","27.53661","28.44384","28.33649","27.77308","28.08033","29.41042","28.40904","31.13974","150.18","-26.66"
"mint.66","25.45848","25.73528","27.34913","25.86796","27.90364","28.22312","26.94932","27.23452","25.96017","26.16359","26.78457","27.11753","27.10665","27.04505","26.31534","26.84753","27.86501","26.98709","27.64944","27.43711","27.64124","27.20934","27.78094","27.35601","26.59861","27.25632","27.72680","29.02720","27.94222","27.87966","28.87765","28.82005","28.07218","27.06306","29.06417","25.75069","27.10358","27.43689","29.04822","28.79725","28.14740","27.91913","29.29368","29.11188","31.91000","148.59","-28.05"
"mint.67","26.95752","26.68743","27.92959","26.67151","29.13178","29.39262","28.12027","28.79863","27.66110","27.66940","28.40989","28.41370","27.88932","28.81448","27.50466","28.03589","29.44274","28.12678","28.65659","28.24548","28.81205","28.63552","27.91836","28.73260","28.28575","27.77514","28.70137","29.97890","29.25559","29.11913","30.04478","29.48082","28.66219","27.80632","29.63471","26.11973","27.79014","28.35219","30.30193","29.66000","29.48347","28.81295","30.67759","30.34503","32.34967","146.26","-26.41"
"mint.68","27.03346","27.42535","28.43206","27.77396","29.72342","30.12692","28.46438","29.60575","28.58192","28.47350","28.56099","28.99943","28.54740","29.23388","28.02259","28.58274","29.62767","28.37678","29.21068","28.97699","28.37507","29.03880","29.25412","28.93178","29.04613","28.13188","29.44972","30.58402","29.80783","29.19072","29.84359","30.10986","29.63009","28.74755","30.06921","26.97677","28.47493","29.53278","30.80716","30.24478","30.24411","29.34454","30.92548","30.75828","32.03178","143.82","-27.99"
"mint.69","25.53717","25.48597","27.93522","26.19715","27.89365","28.18994","27.16276","27.31468","26.38089","25.28867","26.20843","26.76667","26.08528","26.73618","25.10746","26.19022","26.81803","25.18983","26.51791","26.98740","25.95753","26.21940","26.49101","26.00220","26.36878","26.47650","27.18082","27.85014","26.86795","27.29918","27.62110","27.53753","27.46767","26.70574","27.63644","25.35589","26.53629","26.87632","28.55096","28.26082","27.01703","26.95000","28.12740","28.17720","31.85973","143.39","-31.52"
"mint.70","25.89281","26.08000","28.07033","26.43644","27.81346","28.86421","27.35568","28.07534","27.42630","26.27568","27.09452","27.19671","26.59699","27.47596","26.47973","27.55753","28.24438","26.61803","27.31836","27.66658","26.83452","27.45792","32.54058","28.39443","28.38182","27.59538","28.18260","29.02782","28.27720","28.55406","28.85385","28.51816","28.11425","27.88060","28.87309","25.93571","27.59479","27.88849","29.09096","28.87233","27.98683","27.88907","29.15342","29.16082","32.83113","142.06","-29.44"
"mint.71","23.72451","24.03333","25.57068","24.51178","25.97425","26.47678","25.30329","26.35534","24.60907","24.16885","25.09507","25.30000","25.18658","25.43973","24.75288","25.11808","26.26192","24.08033","25.48959","25.83534","25.16411","25.43306","26.20852","25.31096","25.71896","24.90438","26.12700","26.76904","25.88301","26.55151","26.73425","26.53973","26.37699","25.44286","26.36521","24.28986","25.55397","25.60301","26.71781","26.86768","25.77753","25.65710","27.16970","27.58904","30.90929","145.83","-31.48"
"mint.72","26.50951","26.31154","27.95753","26.40247","28.53085","28.58033","27.35655","28.46767","26.84274","26.81148","27.69258","27.72637","27.75675","27.66044","26.80247","27.47890","28.64329","26.90055","27.88630","27.95781","27.26603","27.46639","28.34266","27.23343","27.44209","27.17131","28.48671","29.37444","28.60147","28.14113","29.87508","28.94970","28.31500","27.23858","28.77901","26.96737","27.31726","27.74685","29.55750","28.88776","28.37712","28.14000","29.09000","29.47589","32.95099","145.95","-30.04"
"mint.73","21.33170","21.84341","23.09890","21.74160","23.48729","23.59780","22.99889","23.87507","22.46722","21.98389","22.20797","22.28247","22.41288","23.26694","22.15342","22.87945","23.42932","21.49423","22.57863","23.37390","22.07692","22.44918","23.83507","23.11918","23.14822","22.81393","23.50137","24.59233","23.70411","23.61530","24.04274","25.02575","24.50164","23.53115","24.62575","22.73205","23.53918","23.57623","24.69096","24.81178","23.89808","23.87562","25.10385","25.31644","29.10066","147.2","-33.94"
"mint.74","25.14518","25.19584","26.76537","25.11543","27.40634","27.74426","26.43544","27.15552","25.50253","25.44399","26.45775","26.70088","26.83333","26.47219","26.03833","26.32366","27.00727","26.36894","26.37013","27.27493","26.36891","26.49420","27.92264","26.13904","25.86794","26.44973","27.51157","28.85895","27.51264","27.44247","28.27836","28.64683","27.63606","26.93096","28.39972","25.99562","27.34601","26.95686","28.77041","28.80849","27.94890","27.34767","29.17918","29.21786","32.46026","148.12","-30.04"
"mint.75","24.33464","25.35027","26.36493","24.81507","26.94192","27.87760","26.38548","26.56110","24.92438","24.78689","25.69562","25.97589","26.15014","25.79016","25.20466","25.83644","26.24192","25.58852","26.58904","26.85151","25.72082","25.77842","26.80986","25.88082","25.66877","26.26339","26.18493","27.91014","26.60027","26.65628","27.41918","27.20411","27.01288","25.87814","27.55918","25.39616","26.02575","26.40437","27.58795","28.09808","27.05370","27.09071","28.16493","28.48242","31.83576","149.85","-29.49"
"mint.76","23.06106","23.50984","24.19350","23.29972","25.33397","25.98846","24.68920","25.64959","24.08849","23.50742","24.43781","24.59559","24.70603","24.69917","23.92167","24.32904","24.78740","23.91421","24.61191","25.40685","24.55675","24.16896","25.13791","24.60521","23.92685","24.31547","24.59804","26.41589","24.83702","25.20667","25.38761","25.96435","25.46735","24.24061","25.96399","23.97190","24.72274","25.11014","26.11188","26.26813","25.53791","25.50056","26.18017","26.74417","30.23841","150.27","-31.03"
"mint.77","21.80888","22.89727","23.77610","22.43416","24.12280","25.08978","23.78000","24.38407","23.01456","22.64945","23.37867","23.75895","23.41433","23.66105","22.82192","23.42630","24.06329","22.89126","23.92493","23.31192","23.24270","23.09342","24.05781","23.75357","23.16630","23.54754","23.33702","24.76932","23.61425","24.26986","24.71676","24.66044","24.18736","23.37678","25.08137","22.95096","23.18137","23.95549","24.82669","25.08663","23.90056","24.38118","24.85994","25.49669","29.22185","151.11","-29.78"
"mint.78","22.93277","23.57842","23.78795","23.43068","23.70852","24.33168","23.90466","23.34258","23.44301","23.20082","23.33315","23.74876","23.84643","23.50027","22.88516","23.90659","24.53973","23.71612","23.65699","23.73562","23.85425","24.05765","23.74738","24.36034","23.50932","23.69696","24.41185","24.56316","24.04737","24.57033","24.49612","23.96329","24.38446","23.66332","24.28213","23.62754","23.48807","23.82158","24.35890","24.56959","24.24384","25.06374","24.47692","24.44628","26.95638","153.36","-29.43"
"mint.79","22.76579","23.29836","23.69698","23.25918","23.76767","24.48110","23.80275","23.35808","23.41096","23.08770","23.13370","23.52082","23.55425","23.89344","23.25342","23.66071","24.29151","23.36284","23.78137","23.97699","23.80658","23.62404","23.79918","24.00055","23.09288","23.35699","23.74712","24.16822","23.72253","24.13989","24.13342","23.67945","23.80247","23.30956","24.07500","23.52986","23.24548","23.54809","24.16849","24.24438","24.07163","24.77326","24.53764","24.33562","26.85430","153.12","-30.32"
"mint.80","22.16063","22.79003","22.78933","22.75497","23.13305","23.75280","23.11365","22.74078","22.85922","22.75246","22.95041","23.02932","23.29699","23.64153","22.98603","23.31836","24.11233","22.99536","23.22986","23.53808","22.45312","23.06777","23.66703","23.86970","23.25440","23.40302","23.74329","24.15397","23.50000","23.95722","23.96863","23.68778","23.75098","23.06408","23.99614","23.64061","23.19068","23.56557","24.27178","24.20822","23.95233","24.62500","24.59233","24.24493","27.46291","152.87","-31.43"
"mint.81","22.39608","22.73407","23.68986","22.63041","23.70877","24.56175","23.21288","23.23342","23.25178","22.79836","22.82658","23.11781","23.26247","23.44126","22.59123","22.87973","23.90603","22.21503","23.01621","23.49288","22.89205","23.03205","23.55315","23.44270","22.99863","23.36585","23.74904","24.05589","23.33260","23.77890","23.89973","23.85699","23.75178","22.78825","24.11397","23.76658","23.62637","23.47370","24.45808","24.09614","23.85836","24.53060","24.65836","24.33425","27.84503","151.84","-32.79"
"mint.82","22.92303","23.11401","23.85015","22.82164","24.39616","25.64071","24.04652","24.43918","23.72438","22.90820","23.42904","23.99020","23.97131","23.69144","23.05658","23.21315","24.54685","22.67198","23.54548","24.54603","23.33829","23.38705","24.37802","23.83973","23.12904","23.28279","24.13973","25.30497","23.94903","24.74725","25.09066","25.31370","24.35315","23.16093","25.06133","23.55977","23.63096","24.52356","25.41648","25.58630","24.43434","25.26230","26.05836","26.36904","29.76291","150.83","-32.03"
"mint.83","18.13944","18.71610","20.32353","18.54643","20.61894","21.18069","19.83353","21.50960","19.86374","19.03279","19.81753","19.79174","19.77370","20.20820","19.06027","19.83729","20.72603","18.63142","20.03836","20.58274","19.74072","19.65219","21.42493","20.43342","20.35789","19.75824","20.73471","21.51504","20.21583","21.22814","21.27644","22.24380","21.20932","20.11295","21.69229","19.88670","20.00311","20.49971","21.79169","21.61686","20.56305","20.72464","21.86927","21.76400","25.40616","149.56","-33.43"
"mint.84","22.25882","22.88384","24.07808","23.03041","24.58516","25.44508","24.44721","25.25565","23.87562","23.26421","23.98711","24.23681","24.18320","24.46749","23.40817","24.12534","24.81818","23.18961","24.11151","25.15205","24.03890","23.71011","25.38603","24.14795","23.76022","23.54524","24.14790","25.59971","24.35726","25.01813","25.04417","25.89534","24.96630","23.82697","25.55055","23.10192","24.13041","24.48247","25.86658","25.51863","24.85769","24.56658","26.06110","26.32956","30.44521","148.58","-32.22"
"mint.85","22.46503","22.82705","23.35781","22.45342","23.10740","23.75984","22.82630","22.91014","22.54740","22.35628","22.40301","22.55671","22.59588","23.26202","22.44795","22.65918","23.17863","21.91913","22.64411","22.92219","22.19671","22.53268","22.76521","23.11781","22.45616","22.80683","23.14356","23.13205","22.73836","23.48224","23.42466","23.48384","23.02000","22.43798","23.27410","22.97014","22.57151","22.66913","23.71123","23.44478","23.14685","23.84016","23.67781","23.36301","26.23311","151.21","-33.86"
"mint.86","22.70719","23.18115","24.50192","23.17830","24.68104","25.30847","23.71781","24.26986","23.69233","23.05973","23.31731","23.61841","23.57644","23.80000","22.90467","23.57370","24.84055","22.79863","23.89478","24.52210","23.34533","23.55577","24.38006","24.03058","23.09807","23.55525","23.75939","24.82857","23.94192","24.91202","24.77720","24.35440","23.69038","22.80220","24.63699","23.69370","23.35467","23.95519","25.20914","24.93775","24.12466","25.34438","25.56822","25.85852","28.08013","150.78","-33.6"
"mint.87","21.19739","21.34617","22.27425","21.46566","22.24698","22.92610","21.92363","22.38877","21.46986","21.08142","21.28017","21.41699","21.42904","22.33087","21.02767","21.47945","22.42000","20.85246","21.90416","22.09288","21.17885","21.34836","22.07934","22.17233","21.56765","21.95846","22.37389","22.72011","22.03771","22.57654","22.66974","22.31672","22.36143","21.80816","23.08560","22.09441","21.51901","21.85055","22.76288","22.66099","22.27080","22.87049","22.98986","23.18764","25.78609","150.54","-34.95"
"mint.88","19.59216","19.65291","20.23158","19.85819","20.28626","20.92297","20.27425","20.99577","20.10359","19.58164","19.90192","19.72129","19.99753","20.90082","19.84274","19.95341","20.51607","19.50884","20.03547","19.81728","19.61425","19.62944","20.19086","20.57235","20.31936","20.44361","20.79477","20.56346","20.32384","20.57584","20.99352","20.68567","20.81139","20.12648","20.81082","20.44834","20.22055","20.01694","21.13890","21.18544","20.82301","21.26858","21.57970","20.91178","23.41126","150.8","-35.09"
"mint.89","19.62386","19.96970","20.27879","20.09339","20.29750","21.21302","20.44791","20.50468","20.04121","19.67814","20.04192","19.97123","20.13808","20.76503","19.97603","20.28192","20.48493","19.52705","20.16603","20.29863","19.49205","19.73087","20.25671","20.79014","20.41648","20.66456","20.99452","20.80879","20.55372","21.01284","20.69096","20.63681","20.77479","20.46475","21.12027","20.49699","20.25096","20.07867","21.01096","20.83096","20.47032","21.53443","21.08740","21.02822","23.01722","150.15","-35.91"
"mint.90","18.00132","18.92923","19.99862","18.93452","20.43644","20.82630","19.83425","21.12164","19.33260","18.73770","19.49562","19.30055","19.87890","20.03306","18.73699","19.62329","20.22603","18.31667","19.47808","20.28904","18.92356","19.10820","20.96575","20.39616","19.87863","19.80355","20.71346","21.00603","20.23699","21.03880","21.01260","21.74932","21.20274","20.43798","21.31370","20.16795","20.29425","20.14180","21.72274","21.47397","21.05836","21.19344","21.54658","21.99589","25.72053","149.2","-35.31"
"mint.91","20.66144","22.18798","22.77014","21.74082","23.01233","23.12377","22.23768","23.62740","21.90301","21.57923","21.88877","21.47671","22.33699","22.93607","21.59397","22.81370","22.98137","21.01967","22.12397","22.72055","21.40767","21.56175","23.39014","22.69068","22.56384","22.16421","22.97555","23.60630","22.86082","22.90683","23.14164","24.33014","23.77616","22.87377","24.19425","22.11096","22.26055","22.35956","23.65315","23.70822","22.85726","22.86967","23.67425","24.08137","28.01788","147.46","-35.16"
"mint.92"," 9.815563","10.921008","11.675275","10.777348","11.926648","12.164463","11.792614","12.784857","11.731319","10.588798","11.265934","10.929577","11.657418","12.520879","11.134986","11.816209","12.016986","10.437705","11.446301","11.327397","10.971233","10.821370","12.390031","11.800912","12.427692","11.698187","11.924179","12.632312","12.407242","12.235912","12.600000","13.778992","13.196936","12.021727","12.994199","12.097790","12.000824","11.768306","13.133425","13.250959","12.600560","12.404098","12.593151","12.885205","17.054305","148.38","-35.94"
"mint.93","21.04020","22.66676","23.19643","22.21841","23.36154","23.56202","23.16860","23.96566","22.50329","22.38274","22.72418","22.15863","22.86877","23.38169","22.51377","23.06978","23.37315","21.63661","22.43370","23.32630","22.12822","22.21068","23.60849","22.87808","23.14055","22.97732","23.35589","24.22473","22.98685","23.43279","23.36538","23.91436","24.30301","23.29590","24.61821","22.51945","23.05082","23.35519","24.17726","24.52521","23.75315","23.34235","24.23151","24.97123","28.61391","144.95","-35.56"
"mint.94","22.59412","23.50984","24.32624","23.52473","24.72247","24.97213","24.38774","25.32603","24.28411","23.74180","24.41973","23.58904","24.10000","25.02486","23.90082","24.78329","24.59671","23.26612","24.03425","24.67753","23.75151","23.91831","24.54493","24.26411","24.33068","24.61507","24.66630","25.26593","24.52658","24.73552","24.93315","25.10000","25.47068","24.54699","25.50904","23.95205","24.38137","24.75437","25.69616","25.78329","25.11699","24.78825","25.50849","25.69507","29.31656","142.09","-34.24"
"mint.95","20.65000","21.60847","22.28006","21.82329","22.11444","22.71790","22.47819","23.20904","21.93836","21.59528","22.21671","21.34329","22.02967","22.79590","22.01397","22.76986","22.19972","20.94313","22.13609","21.99088","20.85489","21.26401","22.66767","22.00416","22.72346","22.89917","22.20784","22.91083","22.14066","22.15852","22.54658","23.11205","23.30795","22.21639","23.09562","21.74050","22.18603","22.39890","22.56849","23.00559","22.63644","21.95683","22.54356","22.73699","26.71333","141.65","-36.31"
"mint.96","21.22434","22.45762","22.87610","22.25166","22.84751","23.27507","23.03544","23.72201","22.34676","22.27376","22.67091","21.78398","22.53040","23.18674","22.42390","23.11978","23.03890","21.45604","22.51562","23.20466","22.06868","21.95546","23.46538","22.96612","23.10249","23.18544","23.39696","24.02033","23.03544","23.22111","23.37741","24.00329","24.21215","23.39944","24.34571","22.83934","23.11136","23.19061","24.30386","24.64247","24.08264","23.46160","24.16908","24.58702","28.63960","143.92","-35.72"
"mint.97","20.02903","21.49469","21.76250","20.83583","21.65543","22.30806","21.47356","22.73966","21.22575","20.93077","21.13928","20.79421","21.47151","22.09780","21.10110","21.74055","22.05425","20.38634","21.06411","21.89644","20.54821","20.59392","22.44819","21.84139","22.11472","21.48812","22.15829","22.85994","21.98301","22.00630","21.96391","23.43200","23.30305","22.35219","23.13370","21.79808","21.71621","21.81093","22.95425","23.19945","22.64079","22.91108","23.00962","23.70467","27.84106","146.51","-36.1"
"mint.98","18.02712","18.05522","18.02301","18.29370","18.28658","18.57869","18.15808","18.23380","18.12137","17.68087","17.94877","18.09589","18.19589","18.84986","18.20356","18.33863","18.28000","17.60820","18.24904","18.25710","17.24740","17.44711","18.02648","18.43616","18.57614","18.64113","18.80899","18.77647","18.51967","18.41500","18.92959","18.59229","19.16409","18.34040","19.05151","18.67863","18.45152","18.23579","19.23030","19.25178","18.77967","19.26000","19.02735","19.04337","21.31656","149.92","-37.57"
"mint.99","19.00490","19.13165","19.31504","19.21014","20.41863","20.74361","20.10667","20.28072","19.76814","18.88625","19.28402","19.19667","19.50056","20.45000","19.64594","19.74466","19.67694","18.88388","19.58895","19.43233","18.78055","18.53872","20.04438","19.96496","20.40932","20.30000","19.99588","20.19233","20.22782","19.88251","20.73123","20.04082","20.68297","20.28516","21.12088","20.33534","19.91923","20.25014","21.07730","20.90110","20.26571","20.52384","20.48991","21.32939","23.73597","148.47","-37.69"
"mint.100","18.05850","18.95574","19.56301","18.99781","19.95836","20.48497","19.83297","20.41945","19.47178","19.02486","19.38806","18.93802","19.59587","20.43388","19.56164","19.90466","19.77068","19.06967","19.86419","19.57973","19.09370","19.05519","20.28466","19.90466","20.43918","20.13060","19.86575","20.11315","20.30658","19.73251","20.68219","20.21096","20.53204","20.14274","20.85425","20.23753","19.65317","19.88087","20.54192","20.56082","20.08521","20.40738","20.82603","20.97527","24.17616","147.13","-38.12"
"mint.101","16.12533","16.62492","16.43380","16.08599","16.57603","16.89525","16.90000","17.04219","16.26219","16.15710","16.27890","15.99918","16.44959","17.39945","16.59315","16.76795","16.58247","15.81366","16.82192","16.63452","16.01479","16.05109","16.58767","16.54438","17.04845","16.88306","16.97088","16.72514","16.63747","16.34160","17.54027","16.49274","17.33699","16.81475","17.25671","16.91507","16.82157","16.70179","17.43699","17.77187","16.98512","17.33808","17.12720","17.42964","20.08462","146.42","-39.13"
"mint.102","18.30588","19.22186","19.05233","18.82849","19.87315","20.06311","20.13479","20.17397","19.13918","19.16831","19.48384","18.82767","19.26493","20.39208","19.65890","20.01945","19.71425","18.78169","19.70384","19.42849","18.65616","18.80738","19.99315","19.84411","20.24630","20.28224","19.72000","20.12438","19.88658","19.50628","20.63315","20.01068","20.99534","20.05874","20.79342","20.18274","20.02830","19.98197","20.73151","20.86055","20.35918","20.32541","20.87562","20.72219","23.77020","144.98","-37.83"
"mint.103","17.99216","19.10824","19.04493","18.50055","20.02740","20.36503","20.30493","20.48027","19.04712","19.23169","19.39753","18.87452","19.02384","20.10273","19.20795","19.76849","19.27699","18.38388","19.39425","19.39808","18.32219","18.51448","19.75907","19.48329","20.09587","20.11389","19.47555","20.00110","19.84738","19.29208","20.59342","19.95562","20.98548","20.11694","20.59699","20.08904","19.76519","20.08989","20.63205","20.83151","20.47940","20.27678","20.78489","20.84396","24.05364","144.76","-37.86"
"mint.104","16.67148","16.79809","16.83388","16.46329","17.04077","17.42767","17.63479","17.38466","16.72857","16.58852","16.63489","16.31425","16.85781","17.62240","17.03973","17.14000","16.59644","16.10959","17.12986","16.71135","15.68033","16.36918","16.80000","16.75028","17.19586","17.49066","17.44286","17.02137","16.95289","16.76071","17.79614","17.17243","17.91253","17.18274","17.61868","17.26411","17.36822","17.61154","17.86872","17.89041","17.29945","17.50874","17.56253","17.72465","19.96887","143.51","-38.86"
"mint.105","15.26863","16.18685","15.86247","15.92932","16.13863","16.18192","16.49178","16.13315","16.07205","16.09863","16.38493","15.86904","16.14849","17.08242","16.71452","16.49534","16.06740","15.82005","16.44274","16.11890","15.87671","15.75628","16.33978","16.01117","16.97671","16.97151","16.72225","16.40529","16.43945","15.99890","16.56088","16.10028","16.92143","16.49153","16.55220","16.80575","16.48466","16.79530","16.77863","17.14478","16.52590","17.02514","16.81099","16.91868","19.14600","146.79","-41.05"
"mint.106","16.13377","17.41011","17.49066","17.35726","17.83397","17.98743","18.19452","18.26712","17.61781","17.09729","17.53679","17.01547","17.52986","18.59454","17.98849","17.95452","17.69863","17.09945","17.80438","17.74356","17.05397","16.75574","18.03397","18.07288","18.24877","18.21233","17.91671","18.26164","18.12110","17.53470","18.08000","17.83544","18.74904","17.91093","18.02658","18.00685","17.68767","18.27131","18.19671","18.67473","18.00687","18.03825","18.24849","18.14683","21.25200","147.22","-41.55"
"mint.107","16.99443","17.67836","17.68000","17.25836","17.94725","17.93370","18.11370","18.03047","17.62384","17.56592","17.04411","17.16768","17.64795","18.47596","18.07644","18.08911","18.12444","17.30942","18.07250","17.45659","16.84572","16.33143","17.55782","17.95750","18.29308","18.07802","18.11453","18.03090","17.99780","17.40057","18.10226","17.80468","18.51071","17.99454","18.20438","18.73901","18.14246","18.57159","18.43315","18.39781","17.87260","18.32658","18.21429","18.35687","21.17533","148.35","-40.99"
"mint.108","14.46393","14.73104","15.08849","14.79562","15.12198","15.23552","15.59423","15.26301","14.77293","14.84727","14.78223","14.69183","14.92603","15.78644","15.61485","15.30388","14.82639","14.53544","15.57036","15.13609","14.47875","14.46099","14.79586","15.21507","15.75397","15.64617","15.60055","15.56527","15.36822","14.81885","15.77342","14.98400","15.87123","15.26612","15.23178","15.65671","15.39598","15.72022","15.83808","15.99487","15.42256","16.28440","16.08240","16.01044","18.34000","147.15","-43.49"
"mint.109","16.53889","16.61421","17.32164","17.10247","17.64521","17.75956","17.68082","17.63260","17.09068","17.06803","16.96438","16.89644","17.60411","18.15273","17.74438","17.74192","17.37589","16.58251","18.08904","17.54959","16.61589","16.65546","17.54027","17.53726","18.06000","18.30164","17.77616","18.05644","17.81205","17.30874","18.05781","17.42822","18.25342","17.86475","17.58164","18.19479","17.52055","18.09809","18.11342","18.25699","17.61291","18.22158","18.45989","18.19309","21.13600","147.33","-42.89"
"mint.110","16.39901","16.80000","17.31163","17.10994","17.77155","17.86354","17.63399","17.81994","17.11333","17.08564","17.23955","16.90693","17.24788","18.49027","17.98608","17.71621","17.24959","16.71589","17.86932","17.52802","16.58685","16.51476","17.33342","17.57472","17.77911","17.93571","17.55111","17.70274","17.68843","16.91284","17.60411","17.13918","17.87473","17.45929","17.21616","17.83836","17.13562","17.61339","17.84780","18.04187","17.34641","17.87186","17.96841","17.84294","20.86200","147.07","-42.99"
"mint.111","11.46349","12.46575","12.38076","12.40275","12.90994","13.24789","13.20256","13.09304","12.68528","12.28603","13.10625","12.24354","12.75625","14.11657","13.82507","13.11813","12.47370","12.43716","13.17918","12.87306","12.19803","12.30891","13.11271","13.22775","13.91851","14.00028","13.75528","13.08997","13.29587","12.50659","13.46317","13.06534","14.02055","13.18607","13.44575","13.30521","13.23425","13.26557","13.54121","14.13342","13.45918","13.44490","13.76226","13.85247","16.05252","146.28","-42.28"
